id,uuid,strategy_refs,auth_config,first_name,last_name,middle_initial,gender,email,password,phone,alternate_phone,address_1,address_2,city,state,string#!zip,country,occupation,language,portrait,status,birthday,meta_json
1,2252de8c-07e7-49d2-a657-dfa007e91c98,"{}","{}",System,Administrator,,X,platformroot@aliencreations.com,$2a$10$vS1pj.R8RNb3yZ4SUNXLV.drrGAA/Uq0fm1nx2ZtN4rU9Zz/z9aEO,,,,,,,,,,en,,1,1979-12-05,"{}"
2,a0fe509f-85a9-42ea-becb-312c29962f27,"{}","{}",Daryl,Jacobi,O,F,Moshe_Rempel89@gmail.com,$2a$04$eKanclUaoiH2nMqU5jSN0.vvvPOvc6mmTq2RqhCBKL6x9empoyhBu,1-872-526-6685 x2543,(428) 334-0998,351 Friesen Well,Suite 438,West Zakary,AK,23802,PH,National Program Producer,en,portraits/images/sample_1.png,1,1950-06-17,"{}"
3,ee282600-165b-4778-8d71-663dc91a12ea,"{}","{}",Dave,Kutch,B,M,Rowland.Wilderman@gmail.com,$2a$04$DgDKpyjXLPGbPiFiB0B/2ejVEYNUuD3VhKWUGthTAsQbQNUuQzzai,468-869-4637,(619) 003-1529 x52669,6904 Maritza Shoals,Apt. 333,Mekhibury,MO,75135-5037,BI,Corporate Quality Architect,en,portraits/images/sample_2.png,1,1982-12-15,"{}"
4,156ebbfd-f998-4003-8aa6-b48b369b0970,"{}","{}",Narciso,Glover,C,F,Fabian_Stark@yahoo.com,$2a$04$eXgNWwF0KQfOvBMPSLXL/uX75JvQKJQL0rS5XRkbxdO1GrsqAyz4a,988-127-6919 x753,1-162-694-7320 x1969,365 Anderson Gardens,Apt. 530,Ernestinaborough,OK,45173-5121,NE,Product Group Planner,en,portraits/images/sample_3.png,1,2001-01-28,"{}"
5,341f18fc-ec76-45ac-b188-3a504954f380,"{}","{}",Era,Sauer,A,M,Maurice.Koss@yahoo.com,$2a$04$kvCljEWCnRZbOc8j66xCQ.QZD4.VMAIN/pBVdYHp7SQjO1bwua1nS,(254) 365-9567 x565,1-468-991-9501,4533 Jovany Crest,Apt. 338,Port Jerry,CT,93741-4533,KE,Forward Operations Representative,en,portraits/images/sample_4.png,1,1979-10-13,"{}"
6,180add20-d496-4b10-b0ed-7f0ce56e963f,"{}","{}",Ransom,Spencer,F,F,Jonas18@gmail.com,$2a$04$0fX7ZXUmSv3xVmTJaCJRSuDK8D/9ka4SiZnG2bj93MYYss0ppQ4J6,1-660-009-4333,119.478.6143 x427,5952 Schultz Light,Apt. 456,Tristonmouth,MI,96859,BH,Investor Interactions Engineer,en,portraits/images/sample_5.png,1,1972-08-27,"{}"
7,423733e1-bebd-4775-bf1c-4e02967c1a5e,"{}","{}",Lesly,Hammes,J,M,Vernie6@hotmail.com,$2a$04$LTAQ.6fVqb0dHsNM.D3/hurG7EvJYw6buGHZUYbvW4cxBSebZ4uqa,1-179-078-1798,970.116.4745 x5916,24958 Angelo Forges,Apt. 190,Lake Armani,ID,34688-2123,CU,Investor Brand Producer,en,portraits/images/sample_6.png,1,1965-07-15,"{}"
8,68a95c51-b082-49cb-9d57-3be0fed38760,"{}","{}",Talia,Collier,S,F,Dangelo.Monahan@gmail.com,$2a$04$R9i9oBzRb.MibUbtXNth9eNgxWGfggiAhZwku9wfxECpb4dVDie5m,021.893.4523 x26574,(881) 905-4579 x7101,72064 Federico Trace,Apt. 869,Trevorland,KS,08041-0834,IM,Central Web Analyst,en,portraits/images/sample_7.png,1,1994-12-30,"{}"
9,aee297c0-b141-41bf-939f-731d03862424,"{}","{}",Tina,Goldner,V,F,Breanne59@yahoo.com,$2a$04$5yySZTb3wTbCV61uZzYp/ujbe5pWRWxYi5nyMb..jV/glQ56Gxqh.,932.043.9360,1-366-220-9004,93145 Kautzer Islands,Suite 510,Port Dalehaven,MD,30884-0160,AO,Human Metrics Liaison,en,portraits/images/sample_8.png,1,1956-04-26,"{}"
10,4aaf225b-052a-41c3-8504-05f43a9f1e20,"{}","{}",Caroline,Berge,C,F,Anastacio_Pagac@gmail.com,$2a$04$CfBTsv6YXEms75l8dzfSpus/F929RICVTQgWTiO27M4tEpsHrgylq,956.870.0004,849-331-5606,9858 Greenholt Roads,Suite 638,South Manuelton,AK,14278,AU,Product Accounts Designer,en,portraits/images/sample_9.png,1,1956-05-30,"{}"
11,abc59e46-f355-4277-9e79-29fc67b0809d,"{}","{}",Caleigh,Collins,K,M,Floy_Hudson92@hotmail.com,$2a$04$8CH42NWh3MqvODM6P9Ka/u3xgnQzlcQcGiV37FC40Mg1y0VaZTVFm,(318) 131-3599 x115,1-018-993-9495,20978 Theodore Club,Apt. 636,Ryanshire,FL,62949,SR,Forward Program Planner,en,portraits/images/sample_10.png,1,1968-12-07,"{}"
12,9e1c0a72-6843-4259-8ace-32328eae9729,"{}","{}",Kenya,Bartoletti,I,M,Kayden.Bartoletti94@hotmail.com,$2a$04$rqCzOWOqdk7rl7BShtFJTuTGdHaZ3apaKpgSJBuHxIsiOY6PXgwcW,1-647-878-6969,119-129-8619 x51173,97142 Kyla Rapid,Apt. 273,Port Will,NH,31367,GY,Dynamic Solutions Liaison,en,portraits/images/sample_11.png,1,1956-09-03,"{}"
13,9acb74bb-2dc6-4292-8925-baa62e610f7a,"{}","{}",Nikki,Schuster,M,F,Yolanda_Rohan@yahoo.com,$2a$04$1BMNvmjCM0pTtxJNeunBz.q.JMBovsmGc.B6e21N5wdNMganaaRYy,383.264.2493,147-287-8791 x35717,565 Dicki Tunnel,Suite 027,West Allene,IA,01826,FJ,Corporate Factors Facilitator,en,portraits/images/sample_12.png,1,1998-03-12,"{}"
14,b76285c7-992c-4a38-baa9-24e5c86e67fc,"{}","{}",Berry,Fay,D,F,Aurelia.DuBuque@yahoo.com,$2a$04$Ff/.oCqAtZ2X0E1Spjj1HOz64iRtzj/QBz4Y.29l.yuzkt9ikA6ya,(454) 111-0594 x006,1-632-613-2232 x523,409 Mosciski Tunnel,Suite 883,Theronbury,OR,02250,PK,Chief Operations Specialist,en,portraits/images/sample_13.png,1,1967-04-17,"{}"
15,3960fc6f-7ddd-4f79-a1b8-b053d3e5e5b3,"{}","{}",Jacinthe,Kozey,T,M,Sarina.Bartell@yahoo.com,$2a$04$mLPBk1wLUoiFtTcJKzirf.DWsqR.wKvtbGUptULv6VKKy6ZM65lvS,(360) 129-3204,518-481-1875 x7025,994 Boehm Plains,Suite 641,Leonieshire,TX,63202,MU,Chief Usability Analyst,en,portraits/images/sample_14.png,1,1972-01-23,"{}"
16,c208467a-495f-4508-af1c-e48115f6ea3a,"{}","{}",Keely,Berge,M,F,Citlalli78@yahoo.com,$2a$04$iHeV6SNtyyTNUb8eLetiBe3cO52G/rNENf64XYt/FcLrjyzphYzqa,053-269-3942,906.510.9246 x7417,64370 Kris Pass,Suite 269,Lake Sheridanmouth,DE,99842-1709,KR,Future Implementation Liaison,en,portraits/images/sample_15.png,1,1999-03-26,"{}"
17,ba7a6a7f-c3fb-4a03-8fda-ed5293939bdb,"{}","{}",Alycia,Shields,M,M,Darlene_Franecki51@hotmail.com,$2a$04$2MprBzQT47n4J2mV3g4mhOF.tby3jIQcRRdAd/nkT2OfCZ37hLuBe,1-752-709-3949,(358) 230-1129 x101,00491 Hilll Islands,Apt. 580,Myrtismouth,AR,91028,IL,Regional Configuration Director,en,portraits/images/sample_16.png,1,1952-03-02,"{}"
18,08cf7396-0f2f-4d30-a38a-6e923977afa7,"{}","{}",Renee,Schaden,H,M,Caleigh.Ward88@gmail.com,$2a$04$46Ox0p9IXhqkbqlBC0JztuMPDWcd96JeGi8Ha4/kO1sjAlDDWo2lC,704-432-8369 x6735,(640) 929-0743 x34216,0881 Deangelo Court,Apt. 490,Esperanzahaven,WI,02230-9702,KG,Legacy Creative Director,en,portraits/images/sample_17.png,1,1988-05-11,"{}"
19,a9aa3102-d7f0-4fe3-9fb0-fc69990e44ee,"{}","{}",Trystan,Jenkins,O,F,Bertram61@hotmail.com,$2a$04$.TgYN09mqe3.Dv10kSjLyuFSlFECez1iiXuhOZkBpDwajfMD9Py02,1-750-469-0244,(771) 404-8711,279 Morissette Mission,Apt. 714,Port Duane,MO,01022-2531,KY,Internal Accountability Engineer,en,portraits/images/sample_18.png,1,1984-02-25,"{}"
20,9b0b72d5-a211-4f08-b385-a702476c1070,"{}","{}",Ashley,Bergnaum,P,M,Tyler36@yahoo.com,$2a$04$uQqVKi9kmRTCc07bhim/V.Nh4HBsjHjHty7FTa.5b.mWIlfRz7kla,805-974-8416,(658) 411-6098,07735 Yundt Plains,Suite 494,New Roselynburgh,ME,36152,SZ,Customer Identity Specialist,en,portraits/images/sample_19.png,1,1952-04-21,"{}"
21,d1db3438-dc39-4d42-8250-bd63d8aca2e9,"{}","{}",Juliana,Mayert,A,F,Micheal.Pouros@yahoo.com,$2a$04$BiKSOnpM4Uh8C52mXWJ.2ueXP01/3bSEdeXMzeb5Pm1Q76eVNsaFa,884.739.0340 x58375,790.588.2576,577 Torp Plains,Suite 229,North Julie,OK,29391,PE,Product Infrastructure Engineer,en,portraits/images/sample_20.png,1,1995-07-11,"{}"
22,e936d822-e348-4e36-b18c-3d50cb46736e,"{}","{}",Celine,Schaefer,H,M,Torrey.Lindgren88@yahoo.com,$2a$04$PZuW3O4QYQ0y9fuhw3fFK.BFThCcF1H9Cx74ZXrjqPakpLq1h4QW.,574.774.2623 x060,792-490-3561,4939 Kayleigh Unions,Apt. 149,East Magnus,AL,67996,PK,Senior Markets Facilitator,en,portraits/images/sample_21.png,1,1981-03-14,"{}"
23,a5c9f69e-fd97-42f1-8d8f-26ca025f943e,"{}","{}",Ozella,Stanton,B,M,Mertie.Stehr@yahoo.com,$2a$04$rf4mCU2F7oPTbb59f9bdO.Jbv8kKy/FxNGDcZy7ZC87q9pNwQEQi.,978-390-1596 x698,675.380.4420,830 O'Kon Crest,Suite 466,East Madisonton,HI,48019-2308,OM,Future Markets Engineer,en,portraits/images/sample_22.png,1,1995-01-31,"{}"
24,ea70cc5e-9485-46e7-b69a-2f4dc4168e24,"{}","{}",Leonor,Gleichner,J,M,Wayne_Boehm50@yahoo.com,$2a$04$.o70MDq/Ntat8GOwZfgjNumWsK3r.fXG4nslkiGrznTcIB6IYnOVG,460-083-0247 x24727,(229) 532-4216 x045,0799 Heaney Drive,Apt. 385,New Sonny,NE,47701,NL,Direct Program Administrator,en,portraits/images/sample_23.png,1,1962-10-14,"{}"
25,48a28a0b-432c-4c22-8d1e-1743d2cf4b01,"{}","{}",Marjorie,Wolff,L,F,Khalid_Weimann@hotmail.com,$2a$04$o1SBqLU4LdxEOb0vwO3VQ.oUiwcMDlwQRrDN65P4fDDM3WLprbu/S,358.753.6527 x800,(117) 945-1955,7445 Lebsack Plaza,Suite 989,East Tristianport,PA,11798,AT,Forward Directives Director,en,portraits/images/sample_24.png,1,1971-02-06,"{}"
26,945b7010-2155-414f-af7e-f606e0614917,"{}","{}",Koby,Rath,R,F,Garret.Collier44@yahoo.com,$2a$04$yP8L0BavxDqv7iFUxYWjleIWT5UJPYOef191ZuQFBi/e8sJUFrWjy,447.217.8934 x9541,1-867-241-9036 x03096,3757 Sanford Square,Apt. 133,Botsfordton,CT,45696-0075,OM,Chief Marketing Director,en,portraits/images/sample_25.png,1,1956-08-11,"{}"
27,dc718cf0-6644-435f-b584-1fd50ce4339a,"{}","{}",Cordie,Bernier,C,F,Willis.Mills@gmail.com,$2a$04$eIFvF3VHijE5Qw6tB8UGMuwiiiBVfTaYx0obQX96iZzKqKXXlggvK,1-181-284-8939,(673) 716-7555 x832,164 Tatum Ridge,Suite 570,Aylaview,NH,04536,TH,National Operations Agent,en,portraits/images/sample_26.png,1,1969-03-09,"{}"
28,be1f7c21-8002-4ef8-ab9a-5a9029becfd2,"{}","{}",Connie,Bayer,C,F,Chelsie69@yahoo.com,$2a$04$BpmuudmNqvMqsZdvQ9Pdoe1cc3QhkivgsF/JsNXzFgp7XNdD9wCFy,(406) 580-1227,678.839.9440 x4175,2284 Flatley Ferry,Suite 160,Lake Delphine,MO,08427-4592,PE,District Web Technician,en,portraits/images/sample_27.png,1,1960-05-23,"{}"
29,884becdf-f798-43da-85e4-cdff1d22fb14,"{}","{}",Robyn,Kessler,G,F,Kathryn.Ritchie@gmail.com,$2a$04$gevVu6v4hU18u5PBCkVAd.L/N.Fb2ZipVxmHjiGD2TzTHVUWADtD2,1-380-817-2863 x8667,685-608-0928,54626 Emely Ridge,Suite 645,West Marquiseton,NJ,81036-4105,SN,Direct Brand Specialist,en,portraits/images/sample_28.png,1,1976-01-08,"{}"
30,d02ad2c1-3ffc-45b7-871e-21e38743f30d,"{}","{}",Coleman,King,A,M,Krista.Schulist64@hotmail.com,$2a$04$R7tj6evT57CgvfZx9rvXg.F.yCd/ZTKkw4Gg0KqjkYwSVWo2deKyu,226.765.3590 x87781,564.433.3830,0996 Joey Glens,Apt. 200,South Justynhaven,TX,97166,MZ,Global Infrastructure Executive,en,portraits/images/sample_29.png,1,1972-01-19,"{}"
31,8759f0b4-eb8a-4c34-84db-158acf1e085c,"{}","{}",Kirstin,Jacobi,O,F,Orval41@hotmail.com,$2a$04$N5ezBrMpZjt9RyIC5TLoCuHLc9Ir3h9O5NNxRZJySJmkvlu.UFMom,1-548-790-1258 x4785,614.168.2769,425 Leannon Haven,Apt. 963,West Kirsten,DE,55394-2254,DE,Lead Optimization Director,en,portraits/images/sample_30.png,1,1978-05-21,"{}"
32,3de691e8-cc8f-4147-be94-4cac825d46bd,"{}","{}",Adelia,McGlynn,N,M,Brionna.Goodwin@gmail.com,$2a$04$.5N7Vn7FzXS7BDdMiIgiieNjKdq1twLcndcUkOflFw1W9q6aaKf.e,1-072-298-8678,548-204-6412,138 Larkin Motorway,Apt. 815,Fisherton,IL,31903-0859,HK,Forward Research Associate,en,portraits/images/sample_31.png,1,1955-11-25,"{}"
33,79755f6c-7477-4dfa-92d0-97c881040217,"{}","{}",Floyd,O'Conner,H,M,Hilario86@hotmail.com,$2a$04$A6Pfwhic2wb9ibrSaXvgJevJwN.jlUhfXcdAcTsZ2W78U/S3oXv0m,(977) 230-8628,844-600-6843,8967 Xzavier Manors,Apt. 382,Borerborough,KS,44751-6090,SZ,Legacy Identity Facilitator,en,portraits/images/sample_32.png,1,1966-04-14,"{}"
34,54b474b4-1a8e-4cb9-a434-6d95a61e6581,"{}","{}",Gordon,Schamberger,N,M,Wilburn79@gmail.com,$2a$04$6GCSOPZjIo79R303dQWK1uHRpZvr4E178Z/74OHGD73ggIfqFSF5y,757-927-1775,948.888.4290,7353 Feil Well,Suite 826,North Crystalport,CT,13818-9986,NG,Principal Data Administrator,en,portraits/images/sample_33.png,1,1975-08-22,"{}"
35,1f904112-69f2-4b86-ab80-f0b10d25c735,"{}","{}",Susan,Goodwin,S,M,Blair_Renner56@hotmail.com,$2a$04$tE3ys.eICX1z35vEI9jxROa6N0prMFmlp6azABrJLrAHKdM.vfeRW,681-530-0218,963-082-7289 x50035,3242 Collier Ridge,Apt. 793,Danielside,CA,86531-4545,PW,Lead Optimization Specialist,en,portraits/images/sample_34.png,1,1984-09-21,"{}"
36,e11529e4-2da7-4adf-bb42-7f271292d0e7,"{}","{}",Belle,Rice,V,F,Lester.Wilkinson54@gmail.com,$2a$04$Jyf939yPg42D4s4b.TaJCOPJDQJqdoEpfSI2n8VFBmVXqx3gNR3e.,762.037.6533 x8452,818-831-3442 x7648,28344 Blanda Crossing,Apt. 280,Windlerstad,IL,67652-3346,KH,Chief Division Specialist,en,portraits/images/sample_35.png,1,1994-03-08,"{}"
37,36cd9206-d301-4153-80d7-d852cba30c8b,"{}","{}",Jacques,Dickens,K,F,Daniella.Nolan@yahoo.com,$2a$04$FArlDHXnv2JVe3sf080B7ewKLjHDm33AjGzuliwhcFLMyyPICo2Xa,1-615-513-3580 x19426,1-628-482-2704 x7168,09265 Gibson Crossroad,Suite 668,Port Demondburgh,DE,86075,EH,Customer Assurance Consultant,en,portraits/images/sample_36.png,1,1987-12-11,"{}"
38,6816b9a1-5ef5-44bb-ac74-bd9635e32eae,"{}","{}",Immanuel,Larson,R,F,Jermey67@gmail.com,$2a$04$Rruim.u4O3gImaBriV2DaO.dXqK5XR5Q.xmSXFiPRyRhuwpCmZt2q,(813) 319-3029 x57238,(664) 026-8142 x45391,23239 Rolfson Ranch,Apt. 555,Braunstad,OK,33205-0590,PA,Human Interactions Officer,en,portraits/images/sample_37.png,1,1972-03-08,"{}"
39,bf1e8e46-a8a9-4d08-b412-0e1081f3cba1,"{}","{}",Keyon,Zulauf,O,F,Terry.Mitchell@gmail.com,$2a$04$f1IyIXwQ1JgOXUe1FTTIvuMQklJvobRBmDGDxB5xyXatGfFBqdHWS,533-341-7124 x853,818.478.3574 x39140,538 Dickinson Extension,Apt. 420,Imaniberg,FL,19559-5112,UZ,Chief Tactics Producer,en,portraits/images/sample_38.png,1,1982-12-01,"{}"
40,99f95e44-df35-4ecf-8b74-1819bd0549c9,"{}","{}",Candice,Price,J,M,Sanford_Daugherty3@yahoo.com,$2a$04$kiHS1pSbbjdVWqZ8bau2FuoEO7F0mKKyg9KbqQXFVNTyIi2WTDwNW,(747) 213-9475 x84962,(787) 859-5842,574 Angelo Lakes,Suite 625,New Daphne,NE,83866-2454,NC,Regional Factors Assistant,en,portraits/images/sample_39.png,1,1958-06-27,"{}"
41,948985d1-f35f-49b2-b1aa-74eeff21e9a1,"{}","{}",Moriah,Veum,C,F,Andreanne.Shanahan@hotmail.com,$2a$04$kxpesuKRaFZFpPIqDvXUv.KdYx.IfAX4ayg9fHFtBTJ6hvXHe4fQK,649.406.4076 x9322,1-577-566-8692 x3479,16531 Friesen Manors,Suite 072,Lake Tamia,NV,93194,KG,Forward Brand Architect,en,portraits/images/sample_40.png,1,1992-01-21,"{}"
42,8be3ea27-09e9-448e-b12b-f4068bbb0d4f,"{}","{}",Gerson,Hettinger,L,M,Floyd56@gmail.com,$2a$04$c8EDQJ2YQOkb7/bPFflnWe8dcCFHLUaQZuuX3YrIqwqjH1RCtl0hm,(013) 111-9150 x834,(007) 126-6547 x56528,89421 Bette Burgs,Apt. 924,Port Destinee,WA,30923-3850,IM,Lead Assurance Designer,en,portraits/images/sample_41.png,1,1971-09-15,"{}"
43,e4c5a074-650a-46be-a822-647fdf231d2f,"{}","{}",Rachael,Turner,L,F,Iva27@hotmail.com,$2a$04$LWYbjIfzAgEdk10cUbX2E.p2HOt.EYPenZXDhNGrHw4iUV5W7FSIi,(903) 623-2515 x112,1-822-758-2032 x08121,565 Maximus Point,Suite 375,East Aidahaven,ND,34914-6318,VU,International Solutions Supervisor,en,portraits/images/sample_42.png,1,1988-06-27,"{}"
44,87ed71b2-9aa0-405f-b196-76bcab713fd0,"{}","{}",Louvenia,Quitzon,G,M,Clyde_Lebsack38@hotmail.com,$2a$04$Fe7ulSQHDKhLSGJkm541aueABvN/to2vVwfGuOy.ydL.4SYHuk.Z2,424-507-8933 x44340,516-116-6874,21407 Clarabelle Isle,Apt. 659,North Cristopher,AL,38478,CR,Corporate Data Orchestrator,en,portraits/images/sample_43.png,1,1957-12-29,"{}"
45,851616f6-53f4-4992-9c4d-bcf1a973e1cb,"{}","{}",Breanne,Kozey,M,M,Lorenzo.Nolan@hotmail.com,$2a$04$AZCr71ZT64xYdwixEdMgquEobO3U06wXFP1nIAPpH6ueNiBBfl/z6,804.293.6971,(647) 240-8418 x5394,733 Craig Squares,Apt. 302,Lubowitzmouth,WI,07248,EG,Dynamic Implementation Coordinator,en,portraits/images/sample_44.png,1,1975-08-24,"{}"
46,2ff84bf3-727c-4f7a-ad69-ffff6c5ec168,"{}","{}",Fanny,Bradtke,L,M,Deanna19@gmail.com,$2a$04$KYkVAfUyqyhED5x/Hv5ojuclY8oVHKp5.r49/auvqGpPRByTV3bni,1-983-036-4735,1-460-450-7103 x862,1899 Retta Street,Apt. 755,Mckaylaport,HI,79515-7572,PY,Global Research Designer,en,portraits/images/sample_45.png,1,1996-05-03,"{}"
47,9487ebcb-9fa8-4b67-a8ad-233257412d11,"{}","{}",Aniya,Bernier,B,F,Matilda.Williamson4@gmail.com,$2a$04$o5itgCPuO1BYfWMDERzZoeMD5NsbMlvbvOTpYAJDOrkq72w5XzBbq,(593) 980-1646 x2725,029.340.9189,35745 Ernesto Cove,Apt. 657,Windlerside,PA,43211-4484,SL,Regional Optimization Assistant,en,portraits/images/sample_46.png,1,1976-09-02,"{}"
48,da887363-7337-49d4-91f7-d7a83857676e,"{}","{}",Randall,Raynor,S,F,Micheal_Friesen59@gmail.com,$2a$04$OYEsWVyWm4R6YCgwwl3RuOOh38NdSjjVG6HV26U3l..KMDrCTJsnK,(319) 498-4267,707.109.0995,40596 Sigurd Extension,Suite 649,West Kaleburgh,DE,98234-1333,BB,Principal Brand Representative,en,portraits/images/sample_47.png,1,1954-07-15,"{}"
49,45cba747-15c3-4b26-b481-95eb0db3bb8b,"{}","{}",Lucious,Brown,K,F,Deven40@hotmail.com,$2a$04$GxbQy5pyDqQf3Y3urudHueVaKOGiCl/geQSnMhOvuPjlMaZY.cUS6,400-287-7441 x987,(705) 473-7146 x3026,52401 Pfeffer Cape,Suite 825,Boscoborough,NE,82675-1154,AI,Lead Tactics Architect,en,portraits/images/sample_48.png,1,1982-02-10,"{}"
50,00bfb502-54bb-46d5-b8c0-73ee241c63d2,"{}","{}",Reid,Koepp,J,F,Brad_Schmidt71@gmail.com,$2a$04$v8emYZkOBaKeKNbbfDZCZOdGwqOy.TuBRJG1bccTL9AFVWWUOymY.,520.440.0438 x453,1-321-463-8378,7598 Shields Junction,Suite 066,Leschchester,OK,52480,MX,Senior Marketing Administrator,en,portraits/images/sample_49.png,1,1967-08-19,"{}"
51,b9aeb392-89e1-4723-9655-6ce313b36dc4,"{}","{}",Noble,Schuppe,D,F,Cullen88@yahoo.com,$2a$04$0TQEV.DKmzSccf5jKncZP.KufMTVoPiu0j0vk7L3E/zinf4I0ojcC,193.521.0068,609-114-1528,1412 Mante Garden,Suite 543,Fritschport,OK,57946,CU,Product Security Officer,en,portraits/images/sample_50.png,1,1954-10-28,"{}"
52,a889a6bf-8c09-4061-9dda-c3816f96bc69,"{}","{}",Jazmyn,Spencer,G,F,Demond38@hotmail.com,$2a$04$0uMTUV/2qZaCqQVUWhmHVeAoURVJkbQBBXZxZeQazv6iswWacVbYu,157.829.5885 x179,(512) 275-8186 x226,6798 Ashlee Harbors,Suite 482,Hodkiewiczhaven,WY,76049-9599,BH,Senior Response Analyst,en,portraits/images/sample_51.png,1,1967-03-16,"{}"
53,d5f596b9-083d-4137-b80c-b62f909f78d1,"{}","{}",Llewellyn,Leuschke,R,F,Nasir90@hotmail.com,$2a$04$iytcOixtZ9UGT5eaQqee2.qZjnhQ/NBm34UXxhepECUnl1iQQ825G,224-647-7935,255-117-4120,06926 Kautzer Crescent,Apt. 250,West Maria,NY,98976-5098,NF,Direct Data Facilitator,en,portraits/images/sample_52.png,1,1970-06-12,"{}"
54,bbd9d6ec-2b43-4048-99c0-b011db6ad341,"{}","{}",Gonzalo,Rippin,G,F,Eloy70@gmail.com,$2a$04$DZJIbruAUCLTkBuwhY6nm.1dmA1gs.Wnt6c6K8VdBblzFsuSd/YMG,1-954-690-2286 x20263,1-951-374-4993 x767,97611 Dale Ridge,Apt. 333,Medhurstton,TX,65423,BQ,Future Data Administrator,en,portraits/images/sample_53.png,1,1984-09-08,"{}"
55,076f95b9-307c-4493-89e6-f41a3b9b5881,"{}","{}",Mafalda,McLaughlin,K,M,Thea.Brakus@gmail.com,$2a$04$Zp37JWkAUesaWulzBphz..NQYhHKKaZ8qe7WD04ISRbn4Wbi77o0m,(830) 861-3172 x782,(500) 128-7186 x29928,5463 Demarcus Plains,Suite 203,South Anselfort,NY,14436-2391,CV,Internal Integration Supervisor,en,portraits/images/sample_54.png,1,1954-06-03,"{}"
56,bea023e2-4f36-4f55-9ad4-61b318b7a598,"{}","{}",Ena,Medhurst,C,F,Raleigh.Abshire@hotmail.com,$2a$04$PiehakAdtcdiYQnxviaKAucOLJ5KCsDZzO17rnlZGkwtSVsKjAmmu,(824) 925-0448 x22982,(627) 855-3895 x554,535 Tatum Extension,Suite 130,East Brionna,ID,10157,MA,Customer Creative Technician,en,portraits/images/sample_55.png,1,1994-10-30,"{}"
57,990a3b1e-4121-4cb9-b41f-3e5f4bd34d63,"{}","{}",Lourdes,Kshlerin,L,F,Mathias18@hotmail.com,$2a$04$D9BMaK4AtjOW3MsurErWUecO7Py5dJwmzJwPRSnJXI4ZG2LlieDI2,338-086-1721,030.903.6918 x637,544 Runolfsson Gardens,Apt. 499,Lake Blazeland,NH,27065,AI,Lead Solutions Engineer,en,portraits/images/sample_56.png,1,1971-09-22,"{}"
58,df2ada62-26d8-44ec-a73d-1edf5576042c,"{}","{}",Laurie,Cassin,A,F,Idell.Cartwright@yahoo.com,$2a$04$jbo3IaObV0tr7M3wW25aceKwf1ir6I0H26eYqz0zADHOhAENJQrPu,(243) 096-4707,1-176-284-8896 x177,144 Stokes Locks,Apt. 503,Christopherburgh,HI,91792,BJ,Dynamic Creative Technician,en,portraits/images/sample_57.png,1,1963-06-21,"{}"
59,21e6216c-72b3-4391-8518-a9068c10d683,"{}","{}",Amanda,Keebler,K,F,June_Schmitt@yahoo.com,$2a$04$OevrNDqXEvZjBJG0GwK7QOoUIwlmXokiQEObyHXYBmQWYxbadAfF2,1-195-964-5676 x4208,168.309.6824,6213 Mitchell Drive,Apt. 108,New Walkerville,RI,79392,KE,Lead Intranet Developer,en,portraits/images/sample_58.png,1,1976-04-26,"{}"
60,3a9a4946-bbce-41cd-87c8-5368237e16d6,"{}","{}",Idella,Grimes,D,F,Maxie_Boehm44@yahoo.com,$2a$04$IGMrZVYgxq3pn.AUmt9c0u7rlxi3j4hvsL7kqP37ECv0kBfqueb96,(549) 379-3400 x5206,716-433-7096 x518,9397 Klocko Mall,Apt. 899,New Katarinahaven,CT,65303,AU,Lead Optimization Analyst,en,portraits/images/sample_59.png,1,1969-10-19,"{}"
61,8442fd06-769a-4403-abc2-c5ddaf8bcce0,"{}","{}",Avery,Cronin,T,F,Tyrel.Fadel@gmail.com,$2a$04$hlrFOk1s6Iqrl4jPlnkUg.K0GR4Ro.3Pca3LxEcL4joWUE9rJ6hkS,777.649.9632 x774,001-269-9363,632 Bogan Park,Apt. 682,Port Sonny,WY,41622,TT,Product Configuration Associate,en,portraits/images/sample_60.png,1,1987-03-12,"{}"
62,d6461c88-9412-49b7-bf52-752fbded34ee,"{}","{}",Verlie,Altenwerth,J,M,Geo_Feeney@gmail.com,$2a$04$mT0qEfctwX87U5L2fbr1wutdnbjBOxl7tEnzK5jW.pFP2MPwZy./2,493.694.5924,320.391.3195,82361 MacGyver Unions,Suite 101,Port Anthonystad,SC,48442-3532,MZ,Corporate Identity Manager,en,portraits/images/sample_61.png,1,1970-04-13,"{}"
63,c8b342b8-6770-45cc-9ecd-044d40eeb186,"{}","{}",Colt,Bayer,D,M,Destiny88@yahoo.com,$2a$04$hmti0O/8TPDsQ1/Wd1XkUOsMZH2W4fqNkur1TFSxAOK5Ydft6A2EW,244.941.2583,(187) 287-6465,85289 Brown Cove,Suite 690,Darbyton,MN,43810-5219,SA,Dynamic Division Officer,en,portraits/images/sample_62.png,1,1964-06-05,"{}"
64,e3ad0d1a-1dce-42c6-9303-0cedcb63654b,"{}","{}",Misty,Roberts,D,M,Esmeralda9@gmail.com,$2a$04$9/934jqSXUQxQjFqblvYXucxIM8Xm6dTT7oWmBRvjTacGu5yx2HHa,(440) 440-2181,593.657.0074 x436,02078 McGlynn Oval,Suite 862,East Martaville,IN,52245-0170,ET,Product Directives Coordinator,en,portraits/images/sample_63.png,1,1961-09-06,"{}"
65,1f83b977-e6cb-4dfb-8782-a090cfb9da83,"{}","{}",Opal,Cole,Z,M,Trisha20@hotmail.com,$2a$04$jN4PJiVGN..ir/U6TaMLWugqCVZ4p6IUVmAnO4pidJ256uEnwa2Am,751.239.0674 x82868,(451) 229-2974 x045,8961 O'Connell Estates,Suite 146,Louisachester,TX,71692-4840,JP,Human Program Executive,en,portraits/images/sample_64.png,1,1975-05-11,"{}"
66,d52f7987-15a3-4b89-8314-e692936fc6d9,"{}","{}",Yvette,Medhurst,C,F,Cleve.Baumbach@hotmail.com,$2a$04$903A45ON.YlH9jGf5PJoZ.Ykx09BPhwfSBFAjlCdrcMm0/xnQDowu,275-124-3219 x263,064.891.2799 x5017,57664 Auer Summit,Suite 861,Baileymouth,KS,25563-9354,SX,Legacy Interactions Analyst,en,portraits/images/sample_65.png,1,1955-04-03,"{}"
67,1c07f0d7-2767-4065-b85c-f263a223bc2c,"{}","{}",Aubrey,Stark,E,M,David_Becker@hotmail.com,$2a$04$7oRVElXh3azRhzB44.Y7euHp/PJERIvBNAe8tFJa17tBMQq2TDQc.,890.879.7699 x6256,(510) 843-1313,76510 Jeromy Shoals,Suite 727,Lubowitzland,SC,47755-6720,RW,Central Interactions Orchestrator,en,portraits/images/sample_66.png,1,1979-10-08,"{}"
68,7ed44f39-f764-4e98-b957-aa99ea79444f,"{}","{}",Mya,Emard,T,F,Nickolas75@yahoo.com,$2a$04$ETtLNi9OAtQWXNdboM9qAeOV68uDCfNYFCxZbpWWg.WqeG4JngTLO,663-521-4426 x955,937.917.3645 x4758,92978 Brennon Mews,Suite 847,New Chadrick,NM,08751,CU,Lead Metrics Agent,en,portraits/images/sample_67.png,1,1993-07-03,"{}"
69,58e608a7-c35b-4382-a5d0-7341673eb184,"{}","{}",Garrick,Gislason,M,M,Andreanne.Walsh44@gmail.com,$2a$04$ceBGs5xuBmt9fyqGeYGYge0t9C7fzhyEXaMxllf/VQwvbHNzAI4Ea,739-411-2099,(884) 125-9482 x605,1210 Morissette Burgs,Apt. 662,Schmelerville,NV,90095-4675,IT,Future Research Assistant,en,portraits/images/sample_68.png,1,1962-03-14,"{}"
70,e030d402-7b09-4b4f-aaae-8a48dc32450c,"{}","{}",Dalton,Hammes,C,F,Rafael.Johnson2@yahoo.com,$2a$04$Cjbuk3ME4X0ATniqvHju/Oyk0yFS05mni0SGpJ0r/37nLSecTsWh.,(775) 413-5194 x83348,(473) 243-8875 x4025,11143 Adaline Gateway,Suite 520,South Elvie,IA,05515,HR,Product Solutions Planner,en,portraits/images/sample_69.png,1,1962-04-20,"{}"
71,c79a305e-9c57-4621-b7ea-f687c591b7eb,"{}","{}",Brenden,Hayes,L,F,Eldon.Pfeffer3@yahoo.com,$2a$04$RjUgi99Ativ8w/eDg5Nha.O5q1a9kjU5c7usQ5mmmZVMNm/zd8Jhq,342-217-2717 x9904,484.581.0548,867 Rosenbaum Roads,Apt. 447,Desireeland,MD,29453,VE,Senior Quality Director,en,portraits/images/sample_70.png,1,1962-02-03,"{}"
72,0f6da16d-1672-471a-9c37-30b804277761,"{}","{}",Laurianne,Hirthe,L,F,Velda.Wintheiser71@gmail.com,$2a$04$GFwxURkOSP8vzadTjEV6HubpgIeE7NzOHWT5rlQjlr.mSyOJkVxB.,(481) 072-0544,1-933-586-6233 x7028,2464 Darion Stream,Suite 267,East Abelardofurt,OK,42555,NZ,Chief Marketing Analyst,en,portraits/images/sample_71.png,1,1978-12-16,"{}"
73,7be4bbb4-b9a4-46cb-8be2-6a68dc37a573,"{}","{}",Frank,Welch,E,F,Colleen65@hotmail.com,$2a$04$guCUWG/g6KlD0kCC6DxUhOZsVTpC2DaREyJm632xElMdkPxT7zTwG,(906) 009-9384 x816,1-903-323-7388 x46919,1699 Maude Land,Suite 036,South Selenahaven,OK,96994,BE,Chief Functionality Planner,en,portraits/images/sample_72.png,1,1980-12-11,"{}"
74,bcfa67a3-da67-4c7b-864a-fed82fb174a2,"{}","{}",Mariam,Ernser,A,F,Anastasia78@hotmail.com,$2a$04$55Dlx24Uk5cjWGEBVlep2Onq0W8V0eKTkF1RLCP3Ejoama4EFyxSG,306.845.0744 x04777,1-706-024-2559 x38475,4835 Anastasia Parkways,Apt. 130,Lake Quincyburgh,KY,43969,LU,Direct Branding Planner,en,portraits/images/sample_73.png,1,1992-11-25,"{}"
75,3e683f3d-caa8-47f7-b1e1-1a819728880c,"{}","{}",Verna,Wiza,M,M,Curtis_Koelpin@gmail.com,$2a$04$bW5VnUR.iK7S4P35vYTSb.SWmw46EeF8F9L4tWqt.3lr0i9pLW8Ta,096-325-3400,1-775-462-7001 x2502,43988 Bednar Lakes,Apt. 787,South Grayce,MI,26339-2905,OM,Investor Optimization Administrator,en,portraits/images/sample_74.png,1,1977-07-18,"{}"













































































